<?xml version="1.0" encoding="UTF-8"?>
<project-private xmlns="http://www.netbeans.org/ns/project-private/1">
    <editor-bookmarks xmlns="http://www.netbeans.org/ns/editor-bookmarks/2" lastBookmarkId="1">
        <file>
            <url>Equipe.php</url>
            <bookmark id="1">
                <name/>
                <line>0</line>
                <key/>
            </bookmark>
        </file>
    </editor-bookmarks>
    <open-files xmlns="http://www.netbeans.org/ns/projectui-open-files/2">
        <group>
            <file>file:/C:/Ampps/www/Section_05/marchMadness_v0_2_0_1/index.php</file>
            <file>file:/C:/Ampps/www/Section_05/marchMadness_v0_2_0_1/Vue/vueAjout.php</file>
            <file>file:/C:/Ampps/www/Section_05/marchMadness_v0_2_0_1/Vue/vueAccueil.php</file>
            <file>file:/C:/Ampps/www/Section_05/marchMadness_v0_2_0_1/sans_mvc/parties_envoie.php</file>
            <file>file:/C:/Ampps/www/Section_05/marchMadness_v0_2_0_1/Controleur/controleur.php</file>
            <file>file:/C:/Ampps/www/Section_05/marchMadness_v0_2_0_1/sans_mvc/parties_nouvelle.php</file>
            <file>file:/C:/Ampps/www/Section_05/marchMadness_v0_2_0_1/Vue/gabarit.php</file>
            <file>file:/C:/Ampps/www/Section_05/marchMadness_v0_2_0_1/Modele/Modele.php</file>
            <file>file:/C:/Ampps/www/Section_05/marchMadness_v0_2_0_1/Vue/vueConfirmer.php</file>
        </group>
    </open-files>
</project-private>
