<?xml version="1.0" encoding="UTF-8"?>
<project-private xmlns="http://www.netbeans.org/ns/project-private/1">
    <editor-bookmarks xmlns="http://www.netbeans.org/ns/editor-bookmarks/2" lastBookmarkId="0"/>
    <open-files xmlns="http://www.netbeans.org/ns/projectui-open-files/2">
        <group>
            <file>file:/C:/Ampps/www/Section_02/March_Madness/parties_envoie.php</file>
            <file>file:/C:/Ampps/www/Section_02/March_Madness/index.php</file>
            <file>file:/C:/Ampps/www/Section_02/March_Madness/parties_modifier.php</file>
            <file>file:/C:/Ampps/www/Section_02/March_Madness/parties_nouvelle.php</file>
        </group>
    </open-files>
</project-private>
